OpsRamp Model,Recipe Model,Component,Tenant,Notes
# ---------------------------------------------------------------------------,,,,
# Where OpsRamp and the vendor recipe call the same hardware different things,,,,
"# map it here. The left column is the model OpsRamp reports; ""Recipe Model"" is",,,,
# any model text from the recipe that identifies the same device.,,,,
#,,,,
# Matching is by tokens and model codes," so ""Recipe Model"" need not be the",,,
"# whole recipe row - ""SN6600B"" is enough to match",,,,
"# ""HPE StoreFabric SN6600B Fiber Channel Switch"".",,,,
#,,,,
"# ""Component"" is optional. Leave it blank and the alias applies to every",,,,
# component. Name one component and the alias applies only to that one, which,,,
# is how a platform borrows a single target from comparable hardware without,,,,
# disturbing the targets its own recipe section states.,,,,
#,,,,
"# ""Tenant"" is optional too. Leave it blank and the alias applies to every",,,,
# account. Name accounts - separated by semicolons - and it applies only to,,,,
# those. An alias naming accounts beats one that names none for those,,,,
# accounts, so the file can say "this means X everywhere except in these,,,
# accounts where it means Y" without the two rows contradicting each other.,,,,
# An account is named by any part of its name: "grr01" matches,,,,
# "SAP-grr01-PrivateCloud-d6n6m25pmomc73c5io00".,,,,
#,,,,
# A direct match always wins over an alias, so an alias can only fill a gap.,,,
# Lines beginning with # are ignored. Edit this file and restart the portal.,,,,
# Every alias used is recorded in the report's Reason column.,,,,
# ---------------------------------------------------------------------------,,,,
#,,,,
# OpsRamp labels these arrays "HP_3PAR". There is no 3PAR in this estate: the,,,,
# label is wrong at the source, and it stands for two different arrays -,,,,
# which is why it cannot be corrected with one line. Stated by the operator.,,,,
HP_3PAR,Alletra MP,,grr01;grr02;idp01;idp02,mislabelled by OpsRamp - actually an Alletra MP
HP_3PAR,Alletra 9060,,,mislabelled by OpsRamp - actually an Alletra 9060
#,,,,
# VERIFY THESE FOUR before relying on the results - they are equivalences,,,,
# between a part number and a product name, not something the data states.,,,
#,,,,
# Brocade G620 is resold by HPE as the SN6600B.,,,,
G620,SN6600B,,,Brocade G620 = HPE StoreFabric SN6600B - please verify
# Brocade G720 is resold by HPE as the SN6700B.,,,,
G720,SN6700B,,,Brocade G720 = HPE SN6700B - please verify
# P9R53A is an HPE G2 Metered & Switched modular PDU.,,,,
P9R53A,Metered and Switched,,,HPE G2 Metered & Switched PDU - please verify
# Enlogic builds HPE's G3 PDUs; the installed 3.3.4 matches the G3 target.,,,,
Enlogic PDU,G3 Metered,,,Enlogic = HPE G3 Metered PDU - please verify
#,,,,
#,,,,
# Add your own below, one per line:,,,
